qctQqxb9phA,Festival,Rik Schaffer
guHnXAQboKE,Paris-Rouen,Lance Hayes
HM9CrrVkDDc,Rockin' with me,SVRGE
W9_oTJOWQI8,Temptations,Xplosn
hOXbgtqG9rE,Reload,Kanro
V30DOFFpEKA,Cyberpunk,Max Brhon
ALwM-MfU3E4,Healing,Dakku
hyUaxtsH2qU,Happier Now,SadBois & Gabriel Eli
_rcrlZAgXh8,Dead,Geoxor
qaz4ECEx1vg,Echo,Chiru-san
HTx1irAOLbs,desire,Xplosn
CPK_0eftpt4,Human_ID,Animadrop
9mtUPT85wBI,LIKE YXU WXULD KNXW,Kordhell
34RyDbhWOWA,Hysteria,Dakku
bcy9iiA13Zw,True Colors,Geoxor
5ZeQMt0aszs,Priestess,L-79
NvFHtR32-78,HYPER COLOR,VOLTA
WE9f06P2_FM,Stay,Dakku
gQUncVhVwTA,ceasefire,STIM
fsItZcg6ZDk,Coffee & Cigarettes,Takis
zTXRagQhCPE,One Life Short,Geoxor
l5_2vlsDOow,Demons,One True God
xazvHRPivRY,Lust,SVRGE
Cy2dRGPDE1k,Apotheosic,Dakku
mwXsVCZ26v8,Restart,Chiru-san
Fg8dDCjGEFI,Ather,Dakku
jpLGpzGwEzk,Let You Go,Sugar Rush
phOveO5u30E,Smile For Me,Divide Music & Oricadia
y77xGX-XgRs,On & On,SVRGE
EjGZm1eBrns,Xilonen Theme,Streetwise Rhapsody
36ewzuYkxK4,Tsuki,SVRGE
yKwkuaPIsVU,Tandem,SVRGE
6lqLLzgCyEY,Midnight,Geoxor
2zQX2D1IaxA,Starlight,Dakku
Rbgw_rduQpM,I Really Want to Stay at Your House,Rosa Walton & Hallie Coggins
ug65BPPf2_M,No Time,VOLTA
NyF-NbzvP50,"Quitting Is Hard, Not Quitting Is Harder",Cynthoni
db6FaeofQ-E,Misbehave,One True God & Arius
v37EpQqFGc8,Hades,SVRGE
XAoypPBukEU,Lost,Dakku
M3hAM-1kLZE,Divine Beast Dancing Lion,CthulhuSeeker
1KyUP_J7GFU,afterlife,STIM
ANCyy2AIDzM,Like A Drug,Xplosn
AYKXNZnPMW8,KYOSHI,SVRGE
UHe9zJr6qYo,Ephemeral,Dakku
EmiUc4RAlk4,distance,Nabbe
KiQov87hzRw,In The Dark,SVRGE
Q2QBKMbZm8k,Butterfly,Chiru-san
8ml0s4pD2MY,Without You,Xplosn
nk1X8nl_v8A,In Our Blood,Jim Yosef
yNfiUJNqcGU,Devilish Heart,Steradlye
5Y1rEVvWfw8,Abstract,Dakku
VOsP6O9ya_k,Vibe Upgrade,UNFINISH
4zTmkqSli84,phonk slvt,Puhf
2W4urzWzJ0I,Exhale,Drew Dew
tXFm3a5HGGU,Devil's Lullaby,Jim Yosef
Nk9Sve-yovk,Aurora,Chiru-san
o2OkN4zVl-0,Orbits,PIKASONIC
QqO9_eBy5kM,Sploinky Dub,Subtronics
RQWqu05G2Nw,Deadly Flourish,GHOST DATA
I9e9Dy993fE,How,Exyl & Paper Skies
_ZsjUGBGkOw,I Wanna Dance,PYTI
LSHlhgCN_Gc,Death Battle: Solid State Invincible,Brandon Yates
cl3F5IcadfE,Stellarity,TriangleReality & Chiru-san
Hw46rsOP6r8,The Throes of Winter,GHOST DATA
r2wQbUi7m7g,Nocturnal,SVRGE
sexfWAVelkM,VENGEANCE,RAIZHELL
SL2OE1ukCOE,Inner Demons,Steradlye
1byrvlZjBZM,Unchained,Drew Dew
XyiudAO4j3A,rosetta,STIM
5WYwvF3gn4k,Dysarthria,Kanro
FgTm3YPNFyM,XXXhibitionist,DeathbyRomy
XT3zSxn-sz4,I'm Here,Geoxor
7zBmFOiEZH8,Remember The Best,VØJ
IwIoKaYM9bI,Fire,IMANU
vw0tGlI5Nt8,Euphoria II,Geoxor
MGRfDfSkUeY,Anyway,Dakku
dc1ZtxRk2JQ,Whisper of the Heart,Nezeron
Dgt4BMzPh6g,Catch Me,Apashe
OxMy-tN6rcQ,Underwater,"群星, PoppoOVO, & 阿桶ATo"
TV0t-FFnZv4,Purr Bass,Steradlye
RDjR-GM6hdM,Dope Track,Kordhell
CxUEu9WSPp4,Your Touch,Why U So
yPh6UNIu1TI,Voidwalker,poixone
zzYVvLa1hkg,final essence,seld
SipRdTDuiHk,Nocturnal,Hyri
Mrf7yxLUZ4o,Insomnia,Chiru-san
Qlddf9BLAxo,Galaxy,Dakku
AQlYd-dMB1s,Echoes of Destiny,Steradlye
W59c07VvSj0,Good Computers,Geoxor
MtheNtWAI2U,Icicle Ghost,UNFINISH
JWvkMFaGfLo,Nightshade,Steradlye
Mh_1ipIB_UM,Heal Her,Geoxor
OXS_ylRdfyA,Uyl,Xplosn
AHJ8sZgvVYk,Luminescence,Chiru-san
bhJZu0_0NHQ,She Caffeine,Steradlye
gM9O9Wja52U,Make Me Strong,Geoxor
cnkAM_ORFws,Lost in Paradise,Dakku
_AEFRyHQEe8,Cherry,Chiru-san
3qsB8-cqRE4,Hollow,Xplosn
HXibVM5dxjs,Aftermath,Steradlye
9_VUsffMA9g,FLY,Chiru-san
qYEj2FZDLO4,Faerie,Geoxor
0mTHt2vPYB4,Crash,Neovaii
XwYCU9ukyXA,No Way Back,Exyl
kb1eveHFnuQ,Demise,Xplosn
7Dw1veL7dZ8,The Voices Told Me To,Puhf
Mv_FfwQwQaA,Cosmic Dust,Steradlye
vY7CQZKhZos,Alba,Dakku
gw5IRxEOy0A,Mine,Xplosn
qfmIcMWgItQ,Lust,Kanro
nVfGLSmXpnY,Vanilla,Geoxor
uZIPat_lipM,ENERGY,VOLTA
DJ3EVam_OZQ,Fall With Me,SVRGE
NfGhVjUmXSs,Mirage,Xplosn
iOAify96jXA,Energize,Teminite
V0bVCUxM8Qg,Crazy Dreamer,Steradlye
eoEJmWd2CzA,Everybody,Jim Yosef
n2tT6Y_rNkE,Neon Eyes,Geoxor
cUTj_B9vmUM,AI,Max Brhon
R_hwnGKAlhE,Press Start,MDK
h3CyglNKmL0,Twilight,Geoxor
uUO4ZeX2Gkc,Answer,VOLTA
vcXuq9uxWsA,Razor Sharp,Pegboard Nerds
WkJNlwXHPio,Daydreaming,Steradlye
QSPUgUuDnO4,subliminal,Nabbe
1YbYDl8cdNs,Shaii,Geoxor
YrXNMQE50rw,Eternal,SVRGE
dzu2CB4q_a8,Aiko,Dakku
ti9mMpY3I0g,Overweight Beats,UNFINISH
Z5J-2H8K42k,Mew Pew Pew,Steradlye
Jb3O_kU6sF4,Moneko,Geoxor
6Uk04PcwAXE,Broken,SVRGE
7678wNoTnLM,Voxel,Chiru-san
SduaAIW2gog,Hold Her,Kanro
wDT6oYKZcf8,Shimmer,Chiru-san
khDiC0zXeME,Coral,Kanro
EONwwvJSFTM,Annihilation,Dropgun
dWwywvWA8Us,Geofront,Kanro
fkr49cwhpe0,Akari,Chiru-san
tEc_gJb1-kQ,Blur,Xplosn
YsGbjP_4JsM,Sweet,KIBI
7vB7N7gsXTw,Keep Up The Pace,Stonebank
Kx8ZOFiJ6GQ,Survive,Kanro
7Du24GGFY3k,OwO,Steradlye
RjF2TwK8Dig,Bubbles,Chiru-san
2Hr-7QSZqTE,Poi,Geoxor
O3BWthg6XBk,Luv U,Xplosn
iZVFkhjG4eo,Open Eyes,Chiru-san
8cXoIrnRW58,Higher,Geoxor
BKNI6kLxx8w,Bittersweet,Xplosn
AFjNov-AdWs,Don't Make Me Hate You,Steradlye
nm4pZ02cyS4,Kaguya,Xplosn
DcM2jp7PkwI,Streets,ODEA
lGiYBuWmEkg,Gone Wrong,Xplosn
hk5GdjsSqqM,BANG!,Cute Girls Doing Cute Things
QW9gj8zWuHo,Ancient Tech,Mameyudoufu
gIoniAtPE2M,Love is Poison,UNFINISH
iJ9Rm-dgKlc,She Was Never Real,Puhf
Cl3AudZifuY,Far From Home,poixone
K06OZaDIPOw,Party,Tokyo Machine
0d_uLKu0Oq0,HUMANS,GEN.KLOUD
-fWiyd0cS38,Whatever You Do,Xplosn
1RSiW5s6TCk,Diamonds,Dirty Palm
vvEJPgSqgpM,Lunar Tear,Kotori
Ocgzjm_T0u0,MANIPULATION,Cute Girls Doing Cute Things
pM3uxWKXaTg,Pulse,KoruSe
CAbgMhmy75I,Gunmetal Black,Varien
nW3QBSKEwXI,POWER,Nitro Fun
NuecsiqlzOk,Bring It Back,Ephwurd
ORXNmayhe7U,INFINITE,Cute Girls Doing Cute Things
yH9YXG7t9UM,Save Me,Nezeron
6PZUIciaqbA,Galaxy Impact,UNFINISH
RbaEQ9tYM2M,Aurora,SOTAREKO
ZF3WbbnZra0,Silver Bullet,BLOODYSABBATH
r00qDbJ2XsQ,Belladonna,Gold Geisha
ycruC5q976M,dark future,seld
fBfXTH98xcM,ITS NOT OVER!,Toismic
bSwyYHRK35s,Silence,Extra Terra & N3b
LdGy2KrdIOM,Limbus,Diversity
0j2bHV97-Y8,Occult,Ryllz
z_dna0qWsCA,GODDESS,zecki
TM-lgJ9ZoWw,Sunset To Sunrise,Animadrop
OTZjZWzEFR0,Alive,SOTAREKO
EpekS6_BfEI,Domestic Dispute,DJ FIXX
ul-AU_2h2yY,Addicted,Kanro
NXmx1ZjbsZw,Pyroclastic,Chime
J2Ds_-tyrDk,Love Migraines,Critterhouse
h5L29QOTUlI,DEVILS INSIDE ME,DEVNZR
oklzVH8FfVQ,Virtual,Geoxor
IAgTv8b20Dg,Education,PSYQUI
RvFOL2b9NHY,Nocturnal,Hyri
U45x9qTr1lk,World is Mine,Canonblade
Z9uxrzhLpJk,Existentia,FWLR
1zCOWHxrGs8,Superheroes,Panda Eyes
W2TE0DjdNqI,Goodbye to a World,Porter Robinson
M42sz3y-Qj0,Hot Fizz,Teminite
52sA96Vp3-4,Incandescent,Dakku
tc9US696GCg,Voices,Philip Strand
HsjxZd8OYeM,Higher,Geoxor
uDnywGIi57s,Rattlesnake,Teminite
BGBFS3JFqOw,Fabled,Critterhouse
ZQ0J0fqklvo,Beneath the Waves,Dion Timmer
yYPXVcgZo-U,Dreams,Rogue
-F9lAD-eLkU,Only Now,Geoxor
XSjN9c5zilY,Dark Tides,Creo
iGpgX4kqIi4,Frostfire,Geoplex
4AGSRqAdl94,Sleepless,Teminite
9TnkDk4cPdU,Miss You Now,DubstepGutter
ynf7CoXssTE,Archie - Back Again,Diversity
RzfmTBLxJeI,Forsaken,Chiru-san
WxZ4AgfehAY,Bittersweet,SVRGE
eNaE0HwPw8Q,Nostalgia 64,Panda Eyes
GJHdWE3Y-Kc,Lost,Dakku
ioOdgUnwt6M,Ease,xKito Music
eKyQvs6tCRM,Light it up,Camellia
kmYgwc4QYhE,Red Horizon,Creo
4LQS0MJT1Bs,Party Time,Teminite
3VJaJaa8Aco,Fading Wind,Feint
lNw2E5MQ0Ws,Mintflake,DubstepGutter
JIumWdC-30k,Ready Now,ary kemler & Afinity
cRJQfydRKZQ,Internet Boy,Dion Timmer
k1I3z3g1zas,Build The Cities,Tristam
uKo_IJDCO9c,FOX,Shirobon
fndMDLCYXpc,Galaxies,Protostar
z45uOJBFEtc,Candytuft,Chiru-san
MDeLi7S9cjc,Dark Room,Crankdat
EEnzDZFy5oY,How,Paper Skies & Exyl
2Yk7al-N-lQ,Silence,Geoxor
0j6tOabwAx4,Spiritworks,Xomu
dkYHgxfQZBA,crystallized,Camellia
0zaeOXP06rU,Unstoppable,Teminite
qva3Eep9zeY,Shockwave,Teminite
M9oMwscRyKI,Kokkabiel,Chiru-san
D9fEZBY6tKs,Lucid Dream,Panda Eyes
B4ZjUoEKiLs,Cascade,Kubbi
4yEarx_vkqI,Synchronize,Hellberg
VNRTRh_l1zw,Resplendent,Geoplex
eCmOkxcMgD8,Split Second,Sanixels
blziQCwFtB0,Hellfire,Norelock & Kanro
01lvlbieu6g,Breathe,Curbi
DEmjWzDDjQI,Purple Heart,INDX8
WxdERulsRtY,Damage,F.O.O.L
b06kJm2usjk,Inception,Teminite
JSKIQnn2x8E,Stardust,Geoxor
nI5JK92VVfU,Vex,Bensley
VrPURPjMy9I,ANGELIC LAYER,GHOST DATA
2w4Fml8xvyw,Immortal Flame,Panda Eyes
faR-MfxB-jY,Mendacity,Chiru-san
um8A6wSjCgI,Fall Apart,DubstepGutter
I1NuCWfYeYc,Stronger,Stonebank
cpjzQtlij7s,Get High,DubstepGutter
qLCi21QJd2E,Stormbringer,Teminite
BMfOsxVvLjA,Hide Away,SVRGE
aMiKQH6DMDA,Ghost,Chiru-san
gHgv19ip-0c,Stronger,TheFatRat
YfYulW6xG1o,Exogenesis,Geoplex
jVIBTsnAT14,White Magic,Panda Eyes
ZqkNbUSQCRU,lustre,Camellia
3I04XSCLh4g,Milky Ways,Bossfight
bN3OKJ_lbK0,Take Me Home,Geoxor
xMz3AwBE4ZQ,Radiate,DubstepGutter
vvrvnCHEjCY,Soulbound,DDD
Onwxdg0YBhE,Drift,Creo
Q2IaKsHFjr8,LUV U NEED U,Slushii
dDJDwxsda3E,Anybody Else,Panda Eyes
X_L9YAeIhBc,Puppy Raceway,Samme
O5InhaEFx7I,Amnesia,Monstercat Uncaged
QMokMQ8Bu7Y,Razor Sharp,Pegboard Nerds
In2jxo9Wctc,Dystopia,Chiru-san
6W0wh8Ucvo8,Timeless,Geoxor
976bzfeA-oo,Eternal,Athena
I7AOZYDowsM,Butterfly,Chiru-san
PRBwvKVvdZE,Think Different,Panda Eyes
ZUDdM55I9HA,Crystallize,Creo
hsXeFqj5p7Q,Heart Afire,Diversity
7WYsBdml8Ug,Barcode Valkyrie,Exyl
aKM7Oq04ANU,Pixels,Geoxor
s3bvxhVh6nw,Mine,Xplosn
iNbyOqVML4Q,GIMME DAT,TeddyLoid
NQy4tG-lYXI,JOURNEY,Tokyo Machine
eHL0r0r69cE,Zenith,Geoxor
MKKJ8iFYx4s,Lust,SVRGE
Ydpep4P-LzQ,Showdown,Monstercat Uncaged
tGSVBqm2xs4,Ascent,Teminite
SrKsLk0FnY4,Can’t Escape,The Brig
fhFmGw6zfQA,Insomnia,Chiru-san
mdaCDsN1FJ0,Cheat Codes,Nitro Fun
sxfcKRkS1WI,Purr Bass,Steradlye
tOm-z26pz4U,Fruits,Panda Eyes
OavmZPO_5tc,Sky Fracture,Diversity
KKRRWQq5f5E,Barracuda,Noisestorm
QGsPhLVAdlw,Cheese,Geoxor
aLtatC0LpdA,Starlight,Dakku
-F_awVQhg1M,Tandem,SVRGE
_LUFMHvvNt4,Together Forever,Exyl
hn1_JdhLwYI,Nanamori,DubstepGutter
6xEKE8jXyBs,Nautilus,Creo
5pRP3xKhiZM,final essence,seld
jzaGgOsmIL4,Inertia,Chiru-san
YMFxCHiBo10,Disowned,INOVA
qrMeSmMyh8s,The Edge,Nevve
OgdPVtDIvSo,On my own,Panda Eyes
OVMuwa-HRCQ,Flight,Tristam
v37_HYXUft8,Assassins,Asketa
eXIsyIs_awQ,Bipolar,Geoxor
Upm-xLpjx4A,Let You Go,SVRGE
lrMfvqOj1Kc,ROCK IT,DubstepGutter
KegRtaF2Bvw,Slot Machine,Geoxor
RKW6rjnYEkc,Ping!,Exyl
Cu1ABA-POec,Starstruck,DubstepGutter
aRCWoY7fjT4,Better,DubstepGutter
S4J-vOhdAdQ,Lollipop,Geoxor
rqbMrRDOu34,Homebound,Feint
lI1WS0mC8BI,Creo - Octane,Creo
JnOlLU85VwM,Apex,poixone
AzjkRV3esSU,The Epic Octopus Song,Dani Demand & Skybreak
sFCpqrMMQGM,Bruises,Fox Stevenson
qZSSJk6OHdA,Carnivores,Creo
f_dWG1CGIcs,Be Mine,Di Young
8ncC83ZMP9Y,In The Dark,SVRGE
4l3WvrqGcjI,NIGHT,VESK GREEN 青菜
A_5UWTeE3Gk,Anyway,Dakku
5WUVGbBThU0,Stand Up,DubstepGutter
qK51gGqiuL0,Sky and Soul,Creo
U3iqyuVjaX0,Believe What You Want,Virtual Riot
Oa25yTVi2Ys,Silverdust,Geoxor
h6BumTY_RAc,Hysteria,Dakku
-MqEHXDcqj8,Crystal Tokyo,FantomenK
snO9_jKQ32k,Hold Her,Kanro
ALZHF5UqnU4,Alone,Marshmello
6nTLQeYpE9Y,Ayumi,Chiru-san
LXTrXaYMgYs,Aura,Creo
Ui9GnVC-jfw,Realms,A Himitsu
oNE2wTGy-AM,Confession,AYDO8
OUGEG5Noz_I,Midnight,Geoxor
zR0kNQUG1o0,Till It's Over,Tristam
r1Fx-4E43BU,Ephemeral,Dakku
Qy4DU_vjj0A,The Master,Boom Kitty
CGVDLxa_3rI,Lavender Town,Solkrieg
P-pMS_biy_8,Virtual Gaming,Hige Driver
6hjWW4qw7z8,Hades,SVRGE
pWhBDVDfYtk,Believe,DubstepGutter
CDgxRSX5WXw,Chase It,WRLD
oOpYofyG6Ls,Deadlocked,F-777
AHVDmlmjQy0,Sonic Blaster,F-777
m65S1t0gg44,Geometrical Dominator,Waterflame
tlLPQrWOP6k,Fingerbang,MDK
2Y9uceuIAxE,Cheat Codes,Nitro Fun
0ZUoFPLlVQU,Sphere,Creo
vj8ZW0jr83I,Clubstep,dj-Nate
fc1tg9qkGyI,Explorers,Hinkik
J077DryC2os,Nock Em,Bossfight
bkp7breersc,At the Speed of Light,Dimrain47
wk4_xYirv-s,Power Trip,Boom Kitty
HC3smzkpEfg,Viking Arena,F-777
6GF0-mB5--4,Barracuda,Noisestorm
IuRwqB9NwVQ,Spin Eternally,Camellia
a00f_tbdi8I,Miami Hotline-Vol.3,GD Zannel
i8cjn_JhVtc,Medusa,F-777
Led8hy07i5A,Scoot in,UNFINISH
QpC-GxYLe10,Can't Let Go,Djvi
OmahQ9RFOPo,Isolation,Nighthawk22
1TlySzjQhIM,Hydra,F-777
0FoEYJ2R4gA,Thermodynamix,dj-Nate
apFz4aoWkY4,Nine Circles,Rukkus
3J1kCvqNmDw,Highscore,Panda Eyes
5KTsQkd3X2I,Space Battle,F-777
fVHVv0DbmKk,Theory of Everything 2,dj-Nate
mMMRGJCFsQE,Kirby Smash,DubstepGutter
ZVkPmLt1qrM,New Game,Nitro Fun
0fJuVJHRowA,Electrodynamix,dj-Nate
OoDQX7_qbcQ,Frontlines,Dex Arson
_whqTVE80GE,Ouais Ouais,LemKuuja
ilafD9HQ8GU,10.000,ColBreakz
6FkHOevGjAU,Boss Theme Remix,Acid-Notation
35ILFjyBPsE,World Wide Web,Nitro Fun
pu8PcHXn16I,Logic Gatekeeper,Danimal Cannon
ws9JmD6o5Gw,Ludicrous Speed 1,F-777
G1uBzj2h8q4,Base After Base,DJVI
DLo9-4WvgVE,Wicked,Avenza
hEhEXQGVndw,Spectra,Chipzel
izovSb5Z7lw,The 7 Seas,F-777
91rnrr0U9R8,Back on Track,Djvi
4rTMvyRJgLQ,Cosmic War,Exyl & Creo
waiG2PSVMMQ,Ena,Hinkik
l5mU9y7DjaI,Airborne Robots,F-777
0FCvzsVlXpQ,MEGALOVANIA,Toby Fox
8C96ZPWaZRI,Corrupted,Danimal Cannon
NDWTMWygytM,Geometry Dash Official Theme Song,MDK
yMQfcb9PsBk,Saguaro,Boom Kitty
lXuI7A5ZEvw,Deadlocked 1.5,F-777
qfMAsW5BCos,xStep,Djvi
1aQ4HSheJhk,Xenogenesis,TheFatRat
axSzM-CKAQ8,Sanguine,Geoxor
cKp5hyHJ5DE,Inside,Au5
0G2ZAq1CZVg,Checkpoint,Nitro Fun
G4qH8pOmEBo,Dry Out,Djvi
wW-AL5OmP_M,Village up North,Waterflame
WXoHKt-xIgQ,Ultra,F-777
pCb-VapA3kc,OSCar,Pegboard Nerds
sdnhOYBFJ1o,ClutterFunk,Waterflame
kzkJtGqFVEI,Sweet Dreams,Rukkus
4AA7rT1_Gr4,Aftermath Pt2,Steradlye
uJeHjv57EDk,Chronos,Danimal Cannon
QVYsJajPKEQ,Dodo,CHOMPO & meganeko
nZzl7X7Txz0,Spider Dance,Shirobon
XqQ7xJAmj7E,Time Goes By,Nitro Fun
v40s8OwdqxY,Electrodynamix 2,dj-Nate
TYMsU8Htkaw,Safe & Sound,Nitro Fun
udynpihT3Ro,Blast Processing,Waterflame
3fBsf9uNObU,Monster Dance Off,F-777
VieIk9rjCos,Alchemy,Mittsies
rDBPeWv7n64,Hot Fizz,Teminite
29rqKEiSAq8,Time Machine,Waterflame
S4uu4F4km6Y,Amity,Rukkus
13WLfhGUMgw,Passion,Cute Girls Doing Cute Things
pQBk8t_Tr8k,75.000,ColBreakz
mAM0-NAfqiQ,KURSE OF KHARTOUM,"Tanger, Boom Kitty, & CHOMPO"
dcrKB2jcVYc,Cascade,Kubbi
c2SdKmU1Tm4,Asgore,dj-Jo
xKzKNrBdAew,Disconnected,Pegboard Nerds
ech0M5yrDEI,BIKE,Tanger
MKGUdYOrp40,Accelerate,Teminite
kX8m1LhhV40,SAIKOU,Tokyo Machine
4z6uGjTewAg,Problematic,Rukkus
GbXlo-RTBjg,Beastmode,Teminite
JZmBfbmOaQ0,100.000,ColBreakz
1f7V60h8wVg,New Dawn,Waterflame
dA4-Xa--WZ0,Shredageddon,Boom Kitty
aznl3fBCtVk,Deimos,Solkrieg
_UGesy1UZy0,Poison,Kanro
CLaYY70_y1w,Dystopia,Chiru-san
pPK1YH6kjkw,Blusk,Geoxor
_Qcu8LnDuqo,HEART CONNECT,Cute Girls Doing Cute Things
Rp-kiXLlEgY,You and Me,Dakku
9RG8j7Rf6P8,My Mistakes,Kanro
5eu_fkIbmxc,Stardust,Geoxor
C1z2qoyDQ2o,Forgiven,Steradlye
WDIE9lvNQ6w,Kaguya,Xplosn
2R3RJQaJgMU,Save This Wrld,Exyl
giDJieqBbyI,ATTENTION,Cute Girls Doing Cute Things
YzHejp2efPQ,Mendacity,Chiru-san
ahjuVv4g-M0,Candy,Dakku
-5JqmsneaGg,Salem,Kanro
_H_fDz-6ioE,Specter,Chiru-san
048aJtSUubg,Undercover,Xplosn
oilm4BolYhs,Nekos & Stuff,Steradlye
xJycKC7532o,Azalea,Kanro
7ZDUUQCw3Nk,Skygazer,Chiru-san
i2Usf4nKTlA,Euphoria,Dakku
6dnrtFvJsjo,MOVE,Cute Girls Doing Cute Things
oxJQYAoBnhM,Astral,Chiru-san
PeL2Wr_BLEE,4D,Bad Computer
7sPFEirzjOc,Nite Mode,"CHYL, Trip Trop, & Britt Lari"
UoCxdh7qQHE,Full Bodied,GHOST DATA
NdsPFvNG1rs,Ayumi,Chiru-san
eCyM-AmHbFM,Kill Aura,Geoxor
FTFX5rWIjto,Infinite Descent,Steradlye
KlY-JWzzWOA,Sweetness,Dakku
l0kGDxMAeyk,Dimension,Chiru-san
9r3DaToL43Q,Take Me Away,Xplosn
J47AEDV9KQ0,Till It's Over,Tristam
g-WCOED3MiM,Break Away,SVRGE
9OpcQQvpb0M,Silverdust,Geoxor
00McDR7J8-Q,Together Forever,Exyl
aNulJ7SD5Iw,Vois sur ton chemin,BENNETT
4byFK1qhnFI,BLACKOUT,KoruSe
sTt026NTQfE,Song Of Storms,DubstepGutter
bkwbFI4_hcM,SaberZ - Run Away,Diversity
ffwm6wiuxuw,Holy War,Boom Kitty
a_iImCoKgDo,DEMONCORE,Hunsh
Sp-TePDm1vI,Vois Sur Ton Chemin,deprezz
ADiu2fNnx1o,ANTHEM,UMBASA
kHgxLp5jVmc,Skies Above,Critterhouse
odwYt9y_wYU,ACID PHONK,Toismic
nj2S4VhEg0I,Barcode Valkyrie,Exyl
quGl-clqhck,Inspired by Crystals,KNSRK
k45mJeRhs78,Yours,Teminite
rtOQ4JRa5vA,Milkshake,Meganeko
DxXf6g5FUuE,Fire,TheFatRat
6RIrderkpVw,BOROS,VISXGE
FTzJNutzUPs,LOVELY BASTARDS,Kordhell
d8081_cQZyY,PSYCHOGENESIS,KoruSe
HZGozaOZN6E,FIREWORK BRAZIL,"HIMXN, FUNK DEMON, & EVO"
0fquAHYzF8Q,Dive Into The Void,505 Games
NWCNpCHeMf0,BACK2BACK,STRLGHT
DFOgAEVq56g,PHANTOM LIBERTY,KoruSe
o2RxwToKd-s,KRUSH BANDICOOT,RAIZHELL
H-opYpd8ROs,Guitarmass,Infected Mushroom
oun1bb16PDM,Nemesis,RYLLZ
DB2dGGgmXsA,Cataclysm,Yvetzal
9EThjIHWPs8,Lilith,Varien
D5MlJRboXd0,Two Different Worlds,KoruSe
3gR5dvfpb50,Test of Faith,Exyz
nkLDh-UNqGI,Level Up,Raccy
ayU__DKuqos,Kompa Jersey,Irokz
iOCiDPOaE8I,EXTINCTION,CLOUD ZERO
OwIsgtB-4gw,CALABRIA,deadboy
Ym9JY1t_CYk,Push Up,F4ST
xDtxAHzdaY0,BRODYAGA FUNK,Eternxlkz
vqtEtB0GLlE,Fight 'em!,Toismic
0yXX2Iya490,DERNIERE DANCE FUNK,ZODIVK
_RlqlMUhYVY,Time Warp,Apashe
INcRzt-NdTw,Despera,GHOST DATA
iyZ8u8jOZ8g,AVANGARD,LONOWN
ktJMF9CIlPs,Move Your Body,Öwnboss
P9xPDySsZ0o,TOTAL MADNESS,Toismic
He_fzO0L01I,PIZZA PHONK,ZERO PAIN
MEw6nvUy30k,Hell Raiders,Teminite & Omar Varela
tlWiHOYV0Rs,Nagata,ROMZEE
CzxPGsNRNq4,Egg,Exyl
pR0HQUSnGTA,Aura,Dakku
ccjaiX7Aatk,Aether,Geoxor
Udm7A6bIMiM,My World,POS!TIVE
wJXL7xgvA00,Hiraeth,Chiru-san
Gk5QINLpRIs,BLOOD,GEN.KLOUD
JIycbTggLSo,Enchantress,UNFINISH
xCeAlZUsMPw,Dark Sun,KoruSe
ADqw1MDUcag,Give in to you,"Rezz, Virtual Riot, & One True God"
EsHFQfXVHAM,Confession,AYDO8
m3PJGr2ulpo,Animosity,SVRGE
qznTcinX8Pc,I Like You,Geoxor
idJWuLtd__Q,Motor,F.O.O.L
FmMd8j29uIY,Void,Chiru-san
r8MMWdvkk8I,Disorder 88,Dirtyphonics
KkgrVu2Rkrg,Night Shift,One True God & MASTERIA
tWTI-9Cv4vo,Run with You,Rameses B
yLyXmTVcrZo,Queen of Knives,GHOST DATA
xlkj16kO2PM,Amethyst,Kanro
L1CIniwm5iQ,Inertia,Chiru-san
4_MD9DbssIw,TrackMania Nations Forever music,Nadeo
04Q3Y2auW1Y,Nuclear Death Toll,Epic Mountain
uSsB5hOfQVg,Voyage,Lemmino
ELdFyWwyMY8,Last Stand,Ben Prunty
CW6VQzxpGxI,Two-Minute Earworm,UNFINISH
Gh0HwBtOHi0,Bloom,Chiru-san
KKaFFIA94S4,Ping! 2,Exyl
LLrcN9oK-g0,Woosh,Geoxor
95iW-qApS9c,Supernatural,UNFINISH